"Species","Sex","Type","Ncontra","NnoContra","minAge","LifeExpNoContra","SEnoContra","LifeExpContra","SEcontra","pHazGamma","pHazGammaSE","pHazGammaLow","pHazGammaUpp"
"Addax nasomaculatus","Female","Hormonal",37,935,5,8.66122078287527,0.188521435930189,9.40385595638562,0.884648762784232,-0.202735315785296,0.2440758113717,-0.707353844888657,0.250022017951962
"Addax nasomaculatus","Male","Surgical",82,844,2,7.71715147282425,0.255251107021693,8.78326395679145,0.705458550987572,-0.21976873596682,0.152529154296905,-0.526301560502221,0.0675718911197909
"Aepyceros melampus","Male","Surgical",120,485,1,4.42996635616665,0.218392003972169,7.28633613249831,0.638378354452148,-0.629676698788901,0.133249522726347,-0.901374411642385,-0.374876528467857
"Alouatta caraya","Female","Hormonal",93,111,5,13.2041255393546,1.05481937657171,17.4604286008953,1.36657664207158,-0.605764015779862,0.23629876652808,-1.0815868791409,-0.147929752267979
"Alouatta caraya","Male","Surgical",38,227,2,13.8451641907328,0.660425296979183,14.7200697489285,1.5985018827008,-0.136752309049531,0.262696140973798,-0.666899977212067,0.344941209783839
"Ammotragus lervia","Male","Surgical",131,2019,1,10.2988942149169,0.197200459958485,9.73487038951005,0.57405712393333,0.120389932293756,0.130428777256703,-0.143285137673686,0.366315106142514
"Antilope cervicapra","Male","Surgical",290,2336,1,4.9366987156131,0.114975732210028,8.12962703213525,0.484775821350435,-0.63133852056574,0.0864490579066759,-0.800873039738087,-0.464635517897169
"Aonyx cinereus","Female","Hormonal",113,1307,1,9.37489566945011,0.190018858430879,10.955787339838,0.641345479234479,-0.350475290541204,0.145431091177527,-0.63825569238996,-0.07186643834852
"Aonyx cinereus","Male","Hormonal",42,545,7,6.88447475995174,0.200993290251387,7.85684404912746,0.771383534056327,-0.28693672651085,0.234182408976998,-0.749198975190504,0.159637983888808
"Aonyx cinereus","Male","Surgical",93,1355,1,10.0215737656151,0.209123255616216,10.0985100323881,0.678153350535012,-0.0162325347896518,0.147323015808762,-0.313314749706993,0.25115080847937
"Atelerix albiventris","Female","Surgical",30,984,1,3.01674532974097,0.0645511253736584,2.48022439471112,0.304181040355535,0.333662209926923,0.197517224826744,-0.0744300180423546,0.695994477465079
"Ateles geoffroyi","Male","Surgical",36,157,3,25.5200407504934,2.48745977533183,19.6667084195579,3.37004800369423,0.411836498250042,0.279394645189424,-0.151474555844865,0.93807792334779
"Axis axis","Female","Hormonal",37,634,10,9.84168910244484,0.906734222200582,5.86681398223335,0.968249607683323,0.586100077337922,0.184289618519769,0.229850461799583,0.946617476238866
"Bison bison","Male","Surgical",83,624,2,10.6254494128302,0.406090318534948,12.2353497025187,0.953334003793739,-0.256964310754223,0.161492887531604,-0.584267936400554,0.0611361903896547
"Bos grunniens","Male","Surgical",32,325,2,10.3408391507817,0.492923379333222,8.47697366679509,1.3531615469043,0.342296637982226,0.263154278066835,-0.198718954903608,0.84407838987275
"Boselaphus tragocamelus","Male","Surgical",59,563,1,7.6837355613537,0.456667204718327,6.96796102445454,1.18139176212822,0.106253895368486,0.177625841470733,-0.253373117758254,0.451140382481231
"Callimico goeldii","Female","Hormonal",54,498,2,8.47095645806481,0.29844937539631,9.59027513167039,1.03039212521221,-0.198351545220197,0.18687638274705,-0.576398352287821,0.152128643142953
"Callithrix geoffroyi","Female","Hormonal",70,537,1,6.46440169320861,0.250107247083719,5.92015210885332,0.638299339076042,0.122173222550251,0.150617947420758,-0.184463523138002,0.407162457097838
"Callithrix jacchus","Female","Hormonal",126,1458,1,6.68826098743214,0.174713633007936,7.10445860520545,0.62832561141601,-0.0786286234027506,0.125651665953863,-0.332923309966558,0.162547752996367
"Callithrix jacchus","Male","Surgical",125,1702,1,7.24813284679739,0.17684342621448,9.06800707975122,0.821018919357986,-0.324792750041601,0.141404814426821,-0.615621324294023,-0.0568397997160017
"Camelus bactrianus","Male","Surgical",80,587,3,13.3278676608783,0.379641666832881,12.4563527016553,1.01299660916615,0.1537269585926,0.188089054841395,-0.231507236601507,0.50797904484115
"Camelus dromedarius","Male","Surgical",72,443,4,15.6756402676381,0.575978115314126,13.010349534785,1.33398704676051,0.433981133231003,0.236750671242015,-0.0416182461458027,0.879056603002833
"Canis latrans","Male","Surgical",51,150,2,10.160235631341,0.446833666988426,11.551025095402,0.617268160977028,-0.460909408244474,0.227858461212714,-0.909769186317682,-0.0248843815300851
"Canis lupus","Female","Surgical",92,405,4,8.02622557694134,0.244354800992039,8.76992675321605,0.499198052851073,-0.215238343870294,0.155729433289402,-0.530296581571653,0.0819764816350512
"Capra hircus","Male","Surgical",503,1858,2,8.24985783889624,0.13179915886101,8.01963192594205,0.218909916715428,0.0675694486263706,0.0735970168007516,-0.0774698379316656,0.203636571736666
"Cavia porcellus","Female","Surgical",42,3222,1,3.84140800380162,0.0445467135653456,3.07183678698995,0.275982936061581,0.432432405588558,0.16375102820783,0.107715930146281,0.747413066211894
"Cavia porcellus","Male","Surgical",144,1379,1,3.71308930079662,0.0699043650152659,3.84777416309585,0.210857923150059,-0.069950817052859,0.117130572373106,-0.305558948906152,0.155385893090089
"Cebuella pygmaea","Female","Hormonal",47,961,2,5.65236960153213,0.158250089579888,6.83888324093838,0.8868751705,-0.272450233923375,0.199574197906568,-0.685542671751064,0.101752616866431
"Cebus capucinus","Male","Surgical",43,131,4,19.8963447921385,1.55771461349042,27.5799737695815,2.77788657383557,-0.931106157664572,0.402752238737966,-1.73946804732607,-0.180728319446211
"Cercopithecus neglectus","Female","Hormonal",57,193,4,16.0055689454525,0.800574324371206,16.1928881666412,1.43422451150086,-0.0326263039972559,0.24922043251489,-0.540411688338635,0.428550971649739
"Cervus elaphus","Male","Surgical",40,491,1,7.33131439234286,0.416337783501076,8.13135531743964,1.14727212687234,-0.130404581682083,0.200573092427156,-0.534696727317587,0.247877591622582
"Chinchilla lanigera","Male","Surgical",33,581,1,7.22183586458226,0.299017705880511,8.29107974048062,1.31431700981159,-0.187788077290957,0.236302436630745,-0.662530233900635,0.262757583787024
"Colobus guereza","Female","Hormonal",101,290,3,11.7537622949648,0.635978452673345,17.0318141290321,1.27845366699154,-0.694889516434757,0.186708454302066,-1.07136351370178,-0.343817605759502
"Cynomys ludovicianus","Female","Surgical",45,1277,2,5.16868484155824,0.141032935818827,5.2575936828255,0.716554632718932,-0.0168101370459611,0.199461376236672,-0.419135078744564,0.348001538229891
"Cynomys ludovicianus","Male","Surgical",116,1108,2,5.33251204786684,0.174125933598866,4.91628851243624,0.431393310353433,0.111194827712559,0.122254345920489,-0.133176305759067,0.343307581242948
"Dama dama","Male","Surgical",142,1922,1,6.77957614838687,0.202875669410304,9.42199080006361,0.980921967208681,-0.422677795980124,0.147243842312758,-0.721193028867581,-0.143501498257509
"Desmodus rotundus","Male","Surgical",69,464,1,11.0661938652423,0.505375452081597,14.3101006952387,1.59983256673013,-0.511186139214011,0.266164927699258,-1.05558978932877,-0.0050419626889111
"Didelphis virginiana","Male","Surgical",54,389,1,1.56403554355239,0.0538188322291917,1.71173772044618,0.123700505600285,-0.173302512680215,0.155299615509046,-0.478226865187254,0.122361699582204
"Dolichotis patagonum","Male","Surgical",107,1744,1,5.30253320601727,0.134934991036436,5.81255146823674,0.572544077119119,-0.118364686972491,0.136990772604357,-0.390938587769141,0.134955552587002
"Eidolon helvum","Female","Surgical",92,548,1,16.7457745165928,0.435541997848825,19.7008173074194,1.01217250852824,-0.573365136571258,0.212947127673428,-1.00596034637988,-0.174410259318241
"Eidolon helvum","Male","Surgical",164,493,1,14.0471871513359,0.41499662321484,15.7468983831727,0.756489045981401,-0.290911843062277,0.142281761890014,-0.57263602572853,-0.0295856433602889
"Equus caballus","Male","Surgical",89,543,3,19.6515594914207,0.75582402659642,18.4515815167006,1.43953658410652,0.150765030746952,0.196929470929507,-0.240858613269409,0.524551621650369
"Equus quagga","Male","Surgical",50,235,3,13.1693497205169,0.889527737768815,21.4849279583501,2.4251074100396,-1.08233645817576,0.300028164942684,-1.70550531962716,-0.525687308728242
"Erythrocebus patas","Female","Hormonal",44,305,5,11.9436242996808,0.507628297854819,13.9129488515047,1.35316334579374,-0.329663164907805,0.235494359084641,-0.801556702420953,0.117328369945939
"Erythrocebus patas","Male","Surgical",36,233,3,10.9120065989675,0.650695627162812,10.2234904587139,1.41170087654268,0.108245434270117,0.229812202931731,-0.356018898440769,0.538079471295331
"Eudorcas thomsonii","Male","Surgical",56,358,1,5.15030594442817,0.28624509496627,7.96898102014143,0.848589805395824,-0.630850613675342,0.190595354292368,-1.01209368924317,-0.264825070060251
"Eulemur macaco","Female","Hormonal",44,131,4,11.0519032942607,0.831479391503868,15.2855769094323,2.01853321410443,-0.569189012828424,0.274220781102452,-1.14290264846709,-0.074507982698996
"Felis catus","Male","Surgical",76,476,1,12.37283555162,0.690607294708154,12.7483018089391,1.41411508843275,-0.0571226571999007,0.259142611902964,-0.575194183008832,0.436845441979326
"Giraffa camelopardalis","Female","Hormonal",48,362,6,11.2784810784408,0.437269763503699,16.4563692836532,1.6223278169284,-0.906080451861608,0.290977265820171,-1.5232914655455,-0.35516084504682
"Hemitragus jemlahicus","Male","Surgical",36,298,1,7.43743998902878,0.408633762846795,7.15389915240642,0.987114390022044,0.0601516784352328,0.215317714732845,-0.38368682559488,0.462146569651215
"Hydrochoerus hydrochaeris","Female","Hormonal",41,1867,1,6.09365582560836,0.108185121925107,5.71140329563656,0.596602651832945,0.118222471529384,0.1849086896608,-0.259632435254068,0.465287922519051
"Hydrochoerus hydrochaeris","Male","Surgical",121,1513,1,5.59346463557158,0.122841421621808,5.49128924936807,0.381611957293485,0.0307666276374283,0.11792233310938,-0.206037767253125,0.25213071548585
"Kobus megaceros","Male","Surgical",70,332,2,6.25889785963947,0.32828013634179,7.20554916080533,0.763622262933466,-0.205170492088029,0.177414270779701,-0.552703111305449,0.133529583525242
"Lama glama","Male","Surgical",219,1320,1,14.0444515450259,0.373984111967708,13.0100834894442,0.782204883134064,0.153885450131075,0.129302933695983,-0.109451560420703,0.401187526249656
"Lama guanicoe","Male","Surgical",52,346,2,11.6540051126408,0.642588607501737,11.68687687275,1.60800622355648,-0.00175440887566312,0.210213354180746,-0.432716306433208,0.385390244242309
"Lemur catta","Female","Hormonal",485,3377,2,14.7455198475463,0.22464254330873,16.4421080140873,0.681836922841081,-0.230142001840037,0.097518920854727,-0.424372083074864,-0.0405516231167229
"Lemur catta","Female","Surgical",61,3810,1,15.0286911277665,0.220301452354858,14.8811229036412,1.4782934874016,0.018539683438889,0.192283557902068,-0.364244083778355,0.371553084723371
"Lemur catta","Male","Surgical",429,3789,2,15.6969287677489,0.227738867799991,17.3037363742333,0.825961483783377,-0.207623199218985,0.110386012158581,-0.431435557732406,-0.000392923826626656
"Leontopithecus chrysomelas","Female","Hormonal",87,346,2,8.60367952559185,0.354307810472309,10.6348559363533,0.775339089504891,-0.406810768188395,0.163401665696997,-0.732862717246644,-0.101598534228303
"Leontopithecus rosalia","Female","Hormonal",164,280,2,8.35310972619263,0.378897384317409,10.2499982008049,0.535040018310307,-0.404032631015749,0.131678939679717,-0.663558789920583,-0.142719351729875
"Leptailurus serval","Female","Hormonal",39,516,1,12.3742445335812,0.416561406501224,11.3734461089543,1.3857565387696,0.1809600743344,0.257310553986196,-0.333542471102739,0.673691325248819
"Leptailurus serval","Female","Surgical",38,516,1,12.3522894094465,0.423392714927815,14.3812515664159,1.44105799822641,-0.37878854677415,0.27770453707442,-0.944996334732674,0.144929469654081
"Leptailurus serval","Male","Surgical",62,439,3,11.3625841442701,0.347882447793068,13.5964976531055,0.772401900881311,-0.517541846793198,0.194502470013337,-0.913976643446207,-0.142367809466818
"Lycaon pictus","Female","Hormonal",79,328,1,7.03068607209973,0.241771593391529,7.4724516012203,0.54081019812816,-0.142949814480136,0.185559060682339,-0.526099122204641,0.203663365745016
"Lycaon pictus","Female","Surgical",74,328,1,7.07783391525785,0.241151883633592,8.27427795364357,0.539613564717052,-0.398152932643013,0.194751652450243,-0.793293763360332,-0.0263295581070645
"Lycaon pictus","Male","Hormonal",30,312,5,5.14092021943536,0.151591481152156,5.05332899528128,0.512167964561988,0.0486548954765014,0.28012304900327,-0.545188602683284,0.56882867570408
"Lynx lynx","Male","Surgical",23,154,10,7.51407062727516,0.366967180706593,8.15057796237261,0.815426524706846,-0.19950884099604,0.263671636981264,-0.742208625398775,0.283362953537916
"Lynx rufus","Female","Surgical",44,188,6,12.2993000286367,0.453039250695156,12.1641582872537,0.842507757538495,0.0368868295641451,0.247745217161507,-0.459437465084461,0.513762236024844
"Lynx rufus","Male","Surgical",76,233,2,14.1265645226331,0.540155327851344,16.5041967130607,0.774313379436036,-0.565701628621524,0.20739439311,-0.985572604373159,-0.157102735151042
"Macaca fascicularis","Male","Surgical",71,362,4,11.6922879336607,0.858676151328225,13.5504021005124,2.43701171542339,-0.170248251215972,0.225474096297681,-0.626470556746736,0.25621785311598
"Macaca fuscata","Female","Hormonal",82,398,5,17.0071291235814,0.585559647909558,16.0902608158886,1.04491550485371,0.138908759030714,0.17424210257037,-0.206391131654745,0.48193929825834
"Macaca fuscata","Male","Surgical",95,261,7,14.1126363707505,0.801103063237155,15.9609031011595,1.38894006654749,-0.225912023616517,0.190045571727179,-0.602172327830574,0.136562553796515
"Macaca leonina","Male","Surgical",46,60,1,14.7019575053809,2.92233832556741,11.4004425873183,2.74248203040168,0.271866450649487,0.308095327189208,-0.34785573170877,0.871954201489782
"Macaca mulatta","Male","Surgical",119,340,3,16.3817646108971,0.903382660759596,21.9632726673827,1.8517888215836,-0.650343743038775,0.239018409905796,-1.13249799188588,-0.198804247566774
"Macaca nemestrina","Female","Hormonal",30,177,8,13.5114008400958,0.928431624441744,12.4758486671261,2.05757321117801,0.140589089624737,0.289555455652455,-0.433499862864045,0.668595839731708
"Macaca nigra","Female","Hormonal",73,158,4,13.483374171589,0.831720887124213,13.2870506296744,1.20731543121036,0.0255808347295766,0.191177618795833,-0.347633918128157,0.406250221842922
"Macaca nigra","Male","Surgical",58,150,4,10.8692881298167,0.743666955574096,8.9711749051449,1.11953360585517,0.297525498073481,0.209951837705461,-0.117435990902284,0.704068611042927
"Macaca silenus","Female","Hormonal",80,305,4,16.5548823650048,0.740352285475235,17.3970406527537,1.6883960731152,-0.102412028257029,0.224332394461453,-0.552957356422337,0.331084437437251
"Macaca silenus","Male","Hormonal",37,273,5,13.0288365881936,0.675760664362833,13.8020606303537,2.07352487274087,-0.0960000570149238,0.277643012079976,-0.6602213699982,0.413783293469097
"Macaca silenus","Male","Surgical",46,263,6,12.5427578012,0.687901519610489,13.3584719333789,1.53350284301611,-0.106503405763941,0.209108522153577,-0.531960440391014,0.289357079156862
"Macaca sylvanus","Female","Hormonal",237,494,3,12.9255664075955,0.517481353099686,15.1226207473296,0.833827461804617,-0.297579256627461,0.129795139196505,-0.551091929241853,-0.0436934902505492
"Macaca sylvanus","Male","Surgical",235,389,3,11.4960380746267,0.576870618139507,16.6680522273437,1.25421533007497,-0.62832066433826,0.14381351955002,-0.911891541050135,-0.351079284206753
"Macropus fuliginosus","Male","Surgical",89,389,1,6.28949263214034,0.350261465568813,7.69824511880991,0.780957384978285,-0.285456523683752,0.172003648610597,-0.641000992058219,0.054980809226579
"Macropus giganteus","Male","Surgical",91,425,4,6.56712357317396,0.307059879844782,7.93489563874325,0.604919647027948,-0.335833669366653,0.168831109276045,-0.667863596217292,-0.00735493890273201
"Mandrillus sphinx","Female","Hormonal",207,375,3,15.3097331576297,0.619365768295324,18.0952416497576,0.849732344644375,-0.383637673504961,0.136233492387232,-0.651341942094144,-0.119590115565959
"Mandrillus sphinx","Male","Hormonal",38,370,3,12.5232991511348,0.569739870348172,12.0952148860195,1.61572153421433,0.0675030740726367,0.253580715278759,-0.456338943315481,0.548550798720752
"Mandrillus sphinx","Male","Surgical",81,393,2,13.1949623145321,0.555805681866532,13.6098058562052,1.09010975480845,-0.0598012987126269,0.167921518377081,-0.398495676802504,0.258106852599338
"Mephitis mephitis","Male","Surgical",113,375,2,5.09735670394217,0.135355615233001,4.89603651193141,0.231842789561774,0.104662150651003,0.135432355733167,-0.17204292502338,0.359205287217985
"Mungos mungo","Male","Surgical",48,710,1,9.3916980898497,0.278780789582643,8.0175837515017,1.04832651454805,0.31206200008237,0.244527807848453,-0.192377756401013,0.763589791976459
"Muntiacus reevesi","Male","Surgical",64,299,5,5.91789405633677,0.276185355609069,7.48194486555507,0.782700851023897,-0.394989328583189,0.201713565232029,-0.810233593501376,-0.0162149687425566
"Mustela nigripes","Female","Surgical",40,203,4,2.1900705592614,0.0932823929616233,2.24250403758704,0.17103543498012,-0.0600444172148862,0.210692612872037,-0.486772082766488,0.337716610828488
"Mustela nigripes","Male","Surgical",52,423,3,2.61299882635715,0.0773288506551407,2.66352567611505,0.169901714422073,-0.0489601910213317,0.170325993533649,-0.377334474058122,0.284111312537249
"Myocastor coypus","Male","Surgical",38,221,1,2.89614924452045,0.203073920459361,2.82241511161905,0.459628025773209,0.0391640917268458,0.191238105637642,-0.347649710167926,0.393634547339394
"Nasua narica","Male","Surgical",34,122,4,8.5829609052785,0.471674658388939,7.48537702421142,0.698612688960236,0.309345329131492,0.225494025647836,-0.136039269809137,0.74089573057813
"Nasua nasua","Female","Hormonal",39,1056,5,7.13284596480318,0.138236663566122,6.997920678896,0.671575899502373,0.0455069640268136,0.208057844195024,-0.378584708638835,0.430889676126236
"Nasua nasua","Female","Surgical",41,1428,1,9.82046111622512,0.152807977605596,9.46838938711092,0.867052672192132,0.0906659432308818,0.219326666210527,-0.359982414716738,0.498930445790586
"Nasua nasua","Male","Surgical",224,928,1,8.38067748185845,0.185926804177324,9.5645803776247,0.384255991306996,-0.29029112660407,0.10250736484924,-0.483295619769464,-0.0891662330030451
"Nomascus leucogenys","Female","Hormonal",50,66,9,25.0190951042452,2.24243747969337,25.1020539153217,2.62826347311042,-0.0123065792916397,0.311348869871251,-0.621319658437334,0.589682276269872
"Notamacropus parma","Male","Surgical",43,748,1,4.66358241759504,0.156440037704606,6.03158416756534,0.711682814263041,-0.382867536079371,0.197204042323465,-0.789798438124342,-0.0105671370646221
"Notamacropus rufogriseus","Male","Surgical",620,2869,1,5.43265299480642,0.105887845970127,6.39174938049934,0.255561459542776,-0.222406084764055,0.0621003428526428,-0.345864918483002,-0.101025942579691
"Octodon degus","Female","Hormonal",83,502,1,4.20218980533635,0.147513437825357,5.59118550762854,0.438574899352032,-0.514842359761645,0.161971996063456,-0.826356921435721,-0.199693242121807
"Octodon degus","Male","Surgical",175,363,1,3.64334947727901,0.148331964881968,4.12033108765932,0.249562232323629,-0.199922084102937,0.1159274603757,-0.425092972477118,0.0229571891206432
"Odocoileus virginianus","Male","Surgical",39,270,1,8.00478220881896,0.530760818325312,11.6045369093478,1.6660200736129,-0.594448617434305,0.252030143961475,-1.10043836797462,-0.129758299898914
"Oryctolagus cuniculus","Female","Surgical",42,493,1,4.62403728851923,0.179981293713978,5.75941161739256,0.643256386335696,-0.37150201873961,0.207374428539602,-0.784437966379532,0.0200789704769464
"Oryctolagus cuniculus","Male","Surgical",87,312,1,5.15257413633577,0.227136912836665,5.06228149126079,0.420366502116783,0.0321198031045881,0.15497473248422,-0.275053303461487,0.323393744843878
"Oryx dammah","Female","Hormonal",36,2407,3,10.6930492207497,0.141378331276703,11.2741882955756,1.13875380280511,-0.139127515403842,0.27449387646958,-0.729034101450686,0.368249385089205
"Oryx dammah","Male","Surgical",172,1818,2,8.98186583133753,0.209645887935493,11.4130228046095,0.659770415755475,-0.495600311183416,0.137646406207898,-0.766079144429628,-0.233510403477611
"Osphranter rufus","Male","Surgical",221,1959,1,5.70307174013477,0.119613068820472,6.92539565551042,0.341124190444588,-0.314932269762243,0.0905272445552162,-0.492856860286713,-0.139207137834088
"Ovis aries","Male","Surgical",58,558,1,7.84209629503192,0.295324538444031,7.56902462834238,0.76297833014639,0.065627259993777,0.194477350362114,-0.334744011832136,0.44740105736224
"Pan troglodytes","Female","Hormonal",359,659,9,32.1565793283119,0.920550588775473,32.8351993404152,1.38496467734637,-0.0594847235267224,0.142646960787053,-0.33684961913389,0.21704848898834
"Pan troglodytes","Female","Surgical",49,603,14,28.3072945826333,0.914841160044762,32.244612313728,2.62254126499098,-0.379284092747027,0.262919402311426,-0.932245453028952,0.106162530767858
"Pan troglodytes","Male","Surgical",226,430,14,22.3930412707128,0.918798586183762,30.2017013802846,1.95207594401078,-0.674508986573398,0.174924257240541,-1.0361577784455,-0.346343762172941
"Panthera leo","Female","Hormonal",289,1307,4,11.7223925307547,0.192445434420993,13.2166823603837,0.413486244179135,-0.351837252694986,0.105926679680715,-0.561994996407299,-0.154870995100437
"Panthera leo","Female","Surgical",152,1307,4,11.6803570935191,0.194152405893692,12.486300908485,0.454559181162839,-0.188438860203765,0.112417337581099,-0.420313112760047,0.0337692019820388
"Panthera leo","Male","Surgical",177,1311,2,13.4395714793069,0.221480991947037,13.0621286806615,0.474161759151281,0.0843869501493082,0.111275829936013,-0.134346790441957,0.297946314460158
"Panthera onca","Female","Hormonal",35,374,3,14.7564902105507,0.364323941119925,14.6054800827985,0.960340502858223,0.0349249833824649,0.240055965537237,-0.468868009960792,0.484316464126642
"Panthera tigris","Female","Surgical",43,551,5,10.9307416154967,0.271077400647864,12.220976770931,0.763718499338645,-0.3425919326318,0.209636687596381,-0.763948198662764,0.0593596591452984
"Papio hamadryas","Female","Hormonal",370,979,5,13.6177463115946,0.352554787697769,17.6200318316753,0.604841293926187,-0.590414574888008,0.100059726874414,-0.791189080428731,-0.394291247883223
"Papio hamadryas","Female","Surgical",134,828,7,12.2754724315593,0.350808014356946,15.4954976959396,0.865418030578779,-0.487253767243392,0.13646348515175,-0.749385936160715,-0.226697906742044
"Papio hamadryas","Male","Surgical",179,945,5,11.7621470316838,0.332236039774514,14.0014106609092,0.864431326342267,-0.321924658680002,0.129251170341007,-0.56387190546467,-0.071814398520281
"Papio papio","Female","Hormonal",41,188,4,15.1539475887647,0.777002050081359,15.151026559914,1.59067144042569,-0.000385480672299787,0.280240718764517,-0.566921629485802,0.52679993766423
"Papio papio","Male","Surgical",49,133,5,14.2358670017354,0.85064248255479,13.5240794716826,1.88370958953251,0.13001363532985,0.354393121949257,-0.594742870084193,0.802301171403749
"Pecari tajacu","Male","Surgical",77,322,5,11.8494153094229,0.498729155972078,12.9846101639857,1.04275789655414,-0.20282832331977,0.206180844015631,-0.619338974801824,0.189981563699252
"Petaurus breviceps","Male","Surgical",105,848,1,7.06958016419035,0.211457424232764,6.66768261490149,0.514113308990237,0.0995299485407399,0.133591628933799,-0.163160464805426,0.35505446475062
"Phacochoerus africanus","Female","Hormonal",51,230,2,9.19898429340368,0.341786609424306,9.59125386378137,0.676251818537138,-0.122042139359033,0.223516486060475,-0.572820045380669,0.306466650678116
"Pithecia pithecia","Female","Hormonal",98,183,5,12.0171888782632,0.92672479366023,14.737187328546,1.54518708634265,-0.319986940102962,0.196573224118756,-0.701590129076319,0.0613776149193409
"Pongo abelii","Female","Hormonal",84,245,9,27.6539774251919,1.39924216926039,34.0093667415184,2.40679541714314,-0.655887434696358,0.291903074992353,-1.24129270900768,-0.101497844628867
"Potamochoerus porcus","Female","Hormonal",49,321,2,10.32187353358,0.328439836957073,9.87183020710416,0.764880053662651,0.11725176419852,0.214618457433738,-0.329927852584983,0.540747296690547
"Potamochoerus porcus","Male","Surgical",37,305,2,10.2208857239659,0.333521532684404,12.1583675773317,0.939703624023867,-0.559323988004904,0.300698963138044,-1.1837427632296,-0.00854457305274595
"Procavia capensis","Male","Hormonal",62,372,1,4.34334799067129,0.195534491604247,4.94132412881343,0.52438827559231,-0.187268955927883,0.173155793332779,-0.532152997252232,0.14653615377544
"Procyon lotor","Female","Surgical",180,1111,1,10.485687264724,0.223213512989746,11.0189442001619,0.570693065504188,-0.122339764986032,0.137209587951024,-0.394527882486571,0.143533345855453
"Procyon lotor","Male","Surgical",392,998,1,8.96232354634775,0.244606100761794,11.4388525908866,0.43213088501884,-0.519358233156253,0.0996673628499414,-0.715522158128054,-0.328312632004882
"Pteropus rodricensis","Female","Hormonal",131,845,1,10.0601165904539,0.33065139877621,12.3090662156536,1.03505686162936,-0.313039344619557,0.149365272874003,-0.62238543497572,-0.0249296412679288
"Puma concolor","Male","Surgical",60,315,6,9.14907923260546,0.254327180146774,9.156979807483,0.501659244107989,-0.00227095999795012,0.18860478117226,-0.382395449686206,0.349749524617181
"Rangifer tarandus","Male","Surgical",48,649,1,5.30979786789858,0.213543171397238,7.38055607715067,0.880466865867517,-0.497527268859113,0.208389550477162,-0.91762843388821,-0.105541728992012
"Rattus norvegicus","Female","Surgical",34,647,1,1.29161272695094,0.0355091304653973,1.48041432113028,0.189497704269486,-0.213295781717962,0.215677060406596,-0.647387775366357,0.207542656705484
"Rattus norvegicus","Male","Surgical",42,355,1,1.24815530989062,0.0445336363874655,1.27460883628985,0.120287661304476,-0.0315348373905455,0.171530174391552,-0.376451265280858,0.298367526663489
"Rousettus aegyptiacus","Male","Surgical",76,985,1,9.05240013921011,0.250128084560784,7.38351642845251,0.648451273827902,0.340539476520175,0.144737575533943,0.0541524121416916,0.61836987801335
"Saguinus bicolor","Female","Hormonal",64,81,4,7.50968184735462,0.738576691881712,9.73842562331557,1.07881852444854,-0.432874755449144,0.237160022206763,-0.908739600930343,0.025077746147912
"Saguinus oedipus","Female","Hormonal",216,1254,2,9.13620950650067,0.223564929157882,10.6929980502568,0.627083230614703,-0.257227858958845,0.106692848452971,-0.466906431441441,-0.0558755207609878
"Saguinus oedipus","Female","Surgical",33,1254,2,9.13004668119638,0.235043948473604,8.2447369449718,1.19842246607947,0.15504136841803,0.208059030063677,-0.271305238816736,0.54648858912478
"Saguinus oedipus","Male","Hormonal",37,1257,4,9.49373004773584,0.194191842193007,9.27569566495101,1.211692502537,0.0482996679558005,0.251741209832274,-0.475809228550826,0.525108026788603
"Saguinus oedipus","Male","Surgical",96,1540,2,10.2595442209444,0.202243459582191,10.7969396565298,0.871473687041622,-0.096833838270642,0.16153667447305,-0.424770274727465,0.215183969749983
"Saimiri sciureus","Female","Hormonal",74,1726,2,11.6248486552647,0.25229369063373,14.2363068811239,1.41432973445394,-0.363688929328838,0.198569520337359,-0.775342057574532,0.00721392496883162
"Saimiri sciureus","Male","Surgical",114,1402,2,9.1950339090482,0.253884548001388,14.1858223553655,1.30871860919954,-0.677415296841473,0.176324922053029,-1.03804281525052,-0.349693704503774
"Sapajus apella","Male","Surgical",89,793,3,20.5214946901863,0.768416632159671,18.2155219672058,1.89023161430905,0.20586420214035,0.18111760697769,-0.172945289147918,0.546972982585226
"Suricata suricatta","Female","Hormonal",263,4132,1,7.62287226892326,0.0855069265809815,8.36749050187372,0.309956640896435,-0.202276989819654,0.0864276899770711,-0.376093380034516,-0.0332294367467558
"Suricata suricatta","Female","Surgical",67,2956,3,6.52704513673635,0.085380611773758,6.65407995351933,0.491804770340618,-0.0381606518054015,0.153586507171037,-0.34755593886727,0.250230714926035
"Suricata suricatta","Male","Hormonal",69,4952,1,8.18326089222373,0.0780295966656097,8.87980820626938,0.661381826242343,-0.191252017337904,0.181674428098298,-0.563657463390472,0.14279331886871
"Suricata suricatta","Male","Surgical",270,4952,1,8.18276970040646,0.0763072361538999,8.4278335729608,0.327806544043918,-0.0683474325930573,0.0944126625401342,-0.254979437945731,0.114032534211935
"Sus scrofa","Male","Surgical",30,269,2,8.44842740339027,0.384710865196156,8.26671375119174,1.02085043310821,0.0401181728583791,0.281969739610657,-0.526718862930434,0.578059338445734
"Symphalangus syndactylus","Female","Hormonal",92,158,6,20.4226023662859,1.50163620838182,25.3439991507494,2.62900851414625,-0.409415708887962,0.24008090556554,-0.906956328779071,0.047523328774446
"Trachypithecus cristatus","Female","Hormonal",39,61,2,13.1139895043169,1.4167329616024,16.3342955294013,2.0612256098044,-0.453288097086299,0.342451509086701,-1.1420207949095,0.186409830897348
"Trachypithecus francoisi","Female","Hormonal",59,55,4,12.1547898942036,1.37226198569837,12.9514890540632,1.38141620656406,-0.11521543371914,0.265557222682725,-0.625731734278669,0.40162188630911
"Tragelaphus oryx","Male","Surgical",159,1084,1,7.0188128398405,0.217136360761838,9.50422756283147,0.660511010045155,-0.496656636141029,0.134015042706785,-0.775304907063536,-0.234691203702768
"Tragelaphus strepsiceros","Female","Hormonal",35,649,4,6.71481898939027,0.189653050691699,6.72781433781337,0.743447390535237,0.000234287164069576,0.207620045116172,-0.415520538062252,0.394956561428947
"Tragelaphus strepsiceros","Male","Surgical",43,476,2,4.75329627084981,0.184165498063514,5.56477200369416,0.658394138951699,-0.234481152269178,0.190578209473349,-0.632928089342124,0.124018370745307
"Ursus americanus","Male","Surgical",71,235,2,18.1074314244814,0.722115553291045,19.6859854342569,1.33886782782078,-0.253055159944904,0.234966281976046,-0.738236434466022,0.190827056750486
"Ursus arctos","Male","Surgical",61,206,4,23.5313252362906,0.966800343670158,21.7729926947005,1.74217875208101,0.243447776746418,0.26540966550962,-0.283298360798696,0.751806517904951
"Varecia rubra","Female","Hormonal",160,397,2,16.2491645534003,0.568646196467289,17.4039851334944,1.0254957461089,-0.163766448858132,0.163171659774211,-0.488065801369119,0.160030835727944
"Vicugna pacos","Male","Surgical",139,820,2,12.2342611593253,0.291331457868609,11.8748500301623,0.620693702947891,0.07932140630438,0.148246270448481,-0.219007846907103,0.361082368258941
"Vulpes lagopus","Male","Surgical",31,206,2,6.07352562740887,0.284688446622433,6.19299676805111,0.705428660789597,-0.0421824324996787,0.254802105778884,-0.563467301538341,0.420627971809489
"Vulpes vulpes","Male","Surgical",64,466,1,9.26443224241761,0.295713119676256,12.1262274814393,1.11277826368144,-0.708317056983048,0.279065351082534,-1.27469692117633,-0.181084133767172
"Vulpes zerda","Male","Surgical",40,478,3,7.36793483159399,0.177762939613213,6.24025892071343,0.519112112664676,0.437085265376933,0.204890980967496,0.0267807090918924,0.831249153469472
"Zalophus californianus","Male","Surgical",36,296,9,12.4834445872691,0.506133561976357,10.9131517215443,1.14490490256716,0.2814748493496,0.211592201824594,-0.145567728332742,0.684304344725716
